userId,age,weight,height,bmi,heart_rate,fitness_level,goal_weight_loss,goal_muscle_gain,goal_endurance,goal_flexibility,experience_years,weekly_frequency,avg_session_duration
0,62,74.54207829329623,181.2279491882913,22.69609524057556,63,0.8472517387841254,0.6235636967859723,0.3843817072926998,0.2975346065444723,0.05671297731744318,1,1,111
1,55,84.59523995326569,165.29228995597566,30.96283609520689,80,0.02021839744032572,0.832619845547938,0.7781567509498505,0.8700121482468192,0.978618342232764,8,2,59
2,37,84.20778919602809,181.68273137428005,25.51085209213739,61,0.1433532874090464,0.9446689170495839,0.5218483217500717,0.4146619399905236,0.26455561210462697,2,5,64
3,18,67.19224224961249,170.45758517301445,23.12525182809723,98,0.22232138825158765,0.38648898112586194,0.9025984755294046,0.4499499899112276,0.6130634578841324,1,2,71
4,53,77.16288203837645,159.73821222147654,30.24062767439249,78,0.1289262976548533,0.31542835092418386,0.3637107709426226,0.5701967704178796,0.43860151346232035,4,5,77
5,21,32.2384434580679,162.56143917130169,12.19941468038688,83,0.33800761483889175,0.6747523222590207,0.3172017420692961,0.778345482025909,0.9495710534507421,5,1,80
6,54,69.5804322479533,174.2539339846965,22.915109622250025,99,0.4511592145209281,0.019987665408758737,0.44171092124884537,0.9795867288127285,0.3594444639693215,2,2,92
7,53,72.88211251578298,180.76121037518772,22.305423376077105,87,0.9167229540194608,0.9211576102371998,0.08311249263060239,0.27771856128103245,0.009356704856532616,2,4,110
8,50,80.69017248614173,165.08850344099238,29.606494092890763,73,0.004695476192547066,0.6778165367962301,0.27000797319216485,0.7351940221225949,0.9621885451174382,8,1,49
9,49,98.43833764045874,184.882521937956,28.79867838521417,63,0.952749011516985,0.44712537861762736,0.8464086724711278,0.6994792753175043,0.29743695085513366,9,6,105
10,34,73.10924158652146,179.73598712281148,22.630919318238693,85,0.5884650850687494,0.6596684120694128,0.5332062539166482,0.23053302350632987,0.39486929345022914,4,4,100
11,39,85.16927979750706,160.07742450065757,33.23707508875748,84,0.6180154289988415,0.42876870094576613,0.13547406422245023,0.29828232595603077,0.5699649107012649,9,2,74
12,42,98.6509742964855,161.38774314945297,37.87566632650254,63,0.36756187004789653,0.4358649252656268,0.8919233550156721,0.8061939890460857,0.7038885835403663,0,4,114
13,28,68.34351311559583,182.25103461295572,20.57582675485739,88,0.8681260573682142,0.16249293467637482,0.6155595642838442,0.12381998284944151,0.8480082293222344,4,6,59
14,21,67.75548189508494,163.05432140268636,25.484716796886538,83,0.45354268267806885,0.7220555994703479,0.8663823259286292,0.9755215050028858,0.855803342392611,7,6,115
15,51,50.634123169795345,170.8270993579791,17.351209776204364,93,0.3389851167797783,0.1794902609178557,0.17098659868313149,0.46345097738448293,0.8745729576449965,0,1,91
16,19,92.58757544177972,170.0013961196214,32.036697133372044,87,0.5772285886041676,0.23789282137450862,0.9342139979247938,0.613965955965896,0.5356328030249583,1,2,48
17,35,63.07623092777936,156.84092589488478,25.641707370059468,65,0.21874937373677183,0.569573534574738,0.4521090350334257,0.9702366830961006,0.6805446911927795,7,4,52
18,48,69.50145957700867,180.41175017216142,21.353264808946005,88,0.3777518392924809,0.1796036775596348,0.02467872839133123,0.06724963146324858,0.6793927734985673,0,4,103
19,46,53.042553257466565,176.51209345842352,17.024544052595292,96,0.02065099946572868,0.7583786538361414,0.32001715082246784,0.38346389417189797,0.5883171135536057,7,1,49
20,26,60.234616100497796,178.56830611902691,18.890236222611165,77,0.6798794564067695,0.456129772122862,0.48340861659875267,0.7887394275320365,0.22944183447104538,6,5,50
21,36,70.26218738537585,165.44467496482656,25.669421373891648,79,0.15369430500779646,0.7304421765667943,0.6462644373146849,0.21488073675057817,0.1864582194893385,4,5,75
22,44,61.72656582060229,161.9631116248965,23.53097334485972,87,0.39605970280729375,0.565421311858509,0.18327983621407862,0.14484775934337724,0.48805628064895457,7,5,48
23,63,73.62452209832412,173.92308055655874,24.339298140115552,90,0.7316937564646905,0.04561463715088643,0.20915702948084114,0.2869150433006046,0.6772633053384269,9,1,43
24,25,45.745659335337486,176.40131526097593,14.70097887839485,75,0.5123934632959037,0.5804471371881301,0.7875421559550259,0.6064754600685757,0.2184028548119228,0,1,53
25,42,97.42762385810441,168.82597780821627,34.18247959788275,83,0.874287966624947,0.2930202845077967,0.8489435553129182,0.6178766919175238,0.01323685775889949,1,4,83
26,40,17.278478213470976,165.76103766399248,6.288406040693799,69,0.2694794339581177,0.41049213809445695,0.42822383211640813,0.2978418185550563,0.40113234155862765,1,5,66
27,22,82.5746617544467,151.05681933937063,36.18812914630201,90,0.7740473326986388,0.3331451520286419,0.08110138998799676,0.40724117141380733,0.23223414217094274,3,4,106
28,36,76.24075069392138,164.57138523983284,28.150007469427592,61,0.08960303423860538,0.6720478073539145,0.24536720985284477,0.42053946668009845,0.5573687913239169,2,2,70
29,51,47.34089285358138,175.6949752316791,15.336199954451196,69,0.4585145522366506,0.5245926207548479,0.44201531779487013,0.85263492378234,0.43343897446935586,3,6,97
30,56,79.11762531917586,158.8562745049666,31.35194561351961,60,0.7774075618487531,0.25942256434535493,0.37381313793256143,0.587599635196389,0.272821902424467,8,4,76
31,18,69.2114905559568,164.0368596154949,25.72144183402933,70,0.4908186128508779,0.4694983029278751,0.8827092893929042,0.4884100599403899,0.4145674851494531,6,2,74
32,63,82.88131229487877,201.0153058409665,20.511544557686808,87,0.649463029783935,0.5392235974137527,0.32568476641681543,0.14701389488880123,0.1598700671429253,4,2,107
33,48,73.5650436567671,172.98398748532856,24.584404289441935,82,0.4263058803232388,0.47322067394571043,0.5801971057632594,0.7162441742180187,0.027068984777190108,8,1,40
34,29,58.67580627252817,159.48056028652383,23.069785711416692,90,0.8577226441935546,0.45722345335385706,0.9518744768327362,0.5757511620448724,0.820767120701315,2,3,108
35,55,58.679041407585274,172.48649801453996,19.722992105051464,89,0.0627129520233457,0.42403225188984195,0.2586840668894077,0.8490383084285108,0.03330462654669619,2,1,40
36,44,71.66620772294962,182.04505504874942,21.625026629593517,60,0.9292914173027139,0.09961493022127133,0.9453015334790795,0.8694885305466322,0.4541623969075518,8,5,36
37,46,88.57254320606378,170.81583074925138,30.35588367705862,88,0.42879572249823783,0.0680740739747202,0.2519409882460929,0.22116091534608384,0.2531911937228519,1,4,38
38,43,71.50055927215986,169.8144575485716,24.794771739284904,76,0.8315193998721372,0.807022835987101,0.6400241552994383,0.3681024019815341,0.3127532957735243,6,1,101
39,63,72.9942753154215,176.36245000341532,23.468025668045012,63,0.4240889884358493,0.554687808661419,0.28705151991962974,0.7065747062729789,0.414856869333564,4,2,99
40,48,62.21898901740912,180.78579101463652,19.036818200893883,84,0.3817598072362818,0.6971416168283547,0.8970701046031435,0.12105987960108544,0.24154568649396324,4,2,111
41,47,54.086637149936244,177.5520898131551,17.15688353429237,92,0.9167270193301819,0.11381664038986117,0.6311255415710575,0.13281499876869385,0.3742445809714211,0,5,103
42,36,70.54857116782199,151.0563328920489,30.917925587551377,72,0.8391891222586524,0.23774182601563876,0.5023894574892614,0.9425835996979304,0.6339976977446607,1,6,33
43,28,59.302720461463124,174.02764006095808,19.5811482249216,88,0.07086977818420837,0.29279403144051885,0.15235470568773046,0.4174863747960118,0.13128932847325603,9,2,98
44,59,75.38874382963195,152.74614278444187,32.3121609038371,97,0.25870232207150123,0.21552881156454484,0.5799123983985056,0.9757516851399299,0.27300890129390465,4,5,102
45,36,70.91324800599,150.32071798367141,31.382655884615968,88,0.5249704422542643,0.7505950229289875,0.3335074657912753,0.9241587666207636,0.8623185468359024,6,4,87
46,24,84.98986295315267,170.31968598767114,29.297963489648666,98,0.7400975256176825,0.6805144811428259,0.6223844285660048,0.7105284027223456,0.20492368695970176,6,2,53
47,30,63.144767413516995,162.92851974335937,23.78719015051927,66,0.03023525800598259,0.7103368289742134,0.007884103508440377,0.3726790698209955,0.5305372145627818,3,3,106
48,47,68.98084702257948,166.56382743737618,24.86377912426464,61,0.2790679482285984,0.2097499496556351,0.11570323332709365,0.5771402440203418,0.695270005904686,9,6,36
49,54,95.79383961124292,185.19994860765772,27.929030309934515,65,0.9147906602686022,0.667284844044465,0.44066609303413806,0.6850919910505949,0.6485983083692556,0,3,42
50,47,28.904842492156654,179.43046087322517,8.977972315992016,82,0.8066693253136108,0.46100682934939485,0.8268242136411484,0.5391182349867721,0.8872648394626437,1,4,42
51,56,36.09510704538812,180.55898836049005,11.071592900392211,60,0.502720761145324,0.922347981796633,0.5413807937571358,0.9233060678891631,0.8298973686033432,4,5,86
52,35,46.52980173635051,173.87569928400669,15.39052457694941,75,0.5801069131963302,0.5979367304324688,0.23804352363851355,0.5808872741477971,0.14587015406129888,7,6,52
53,52,82.30371755987022,159.45371536014986,32.370556541274205,71,0.06107853706678734,0.9077329574850395,0.739883917829101,0.8980623572137351,0.6725823112965214,0,6,98
54,31,86.66314491443563,187.01979342012112,24.777603514599534,92,0.9795269293354586,0.17465838539500578,0.32798800090807967,0.6803486660150015,0.06320761833863064,8,1,52
55,48,58.103239559384924,160.3949561836685,22.584939565152116,70,0.36792758053704133,0.45651989126265535,0.3374773817642399,0.9704936935959776,0.13343943174560402,1,4,70
56,60,88.09920521177567,166.35324251421073,31.835336853847238,97,0.984631622969307,0.44814283193205784,0.9376352253376148,0.672041057147487,0.2666968776004438,0,6,93
57,44,66.81452580736725,166.10326050712305,24.216678467843767,75,0.02168872387633991,0.1372513505241385,0.2606286668926199,0.8710825724384453,0.17941006987348884,6,6,41
58,29,78.29698096311375,185.13328082573204,22.844203562763244,67,0.9358320802167885,0.983426242260642,0.3998016922245259,0.3803351835275731,0.14780867669727238,5,5,95
59,54,92.34129139559982,155.30861833783086,38.28290023429068,84,0.16902540612916128,0.8595808364196215,0.058534922235558784,0.4706209039180729,0.11583400130088528,2,4,33
60,31,66.48676297983195,180.96346845665798,20.30267982790126,86,0.4837064614240234,0.45825901183331563,0.23526284396508435,0.058870283301051485,0.1238444175177672,9,5,115
61,54,40.4706296532097,156.67788345405498,16.486352035793697,94,0.6616072883460088,0.6253582002401853,0.9139912177132156,0.6717943007226471,0.324082691497527,6,2,118
62,63,83.91788161566464,162.6375355014835,31.72582635222089,86,0.02995032490474936,0.7372542425964773,0.1097844580625007,0.6063081330450851,0.7032174964672158,3,5,37
63,56,62.83148356487604,170.35442772139234,21.650626228285798,71,0.5241838603937582,0.3650998770600098,0.19056691494006806,0.01912289744868978,0.5181498137911743,3,2,41
64,32,74.33153764446133,152.53822978450756,31.94594302035957,97,0.10001406092155518,0.26503969836448205,0.06614946211695472,0.06560486720992564,0.8562761796227819,1,3,83
65,46,67.75878576640228,158.11857676586658,27.101905192230276,68,0.712926852948846,0.42694341039831996,0.30169246606111744,0.07041083113461433,0.42184451781974464,8,6,58
66,39,82.89617970672555,167.66576918104346,29.488026295514928,71,0.6675933054893074,0.19271797677389346,0.9180919510072652,0.5796808925609634,0.45589843765693283,0,2,63
67,62,72.24615134228887,159.20889072690792,28.502311597796666,79,0.5140544718305786,0.09749338421508524,0.8518536993666015,0.39554382979754565,0.23307782446448766,3,4,42
68,63,74.35203249230042,157.88579363001787,29.82680507162067,66,0.8818965030968323,0.7196201578422882,0.9663899714378934,0.5076355472407649,0.3004036831584872,2,3,87
69,40,72.32400666161324,152.62765072808907,31.04674241290017,87,0.032901334553351536,0.42594594509440176,0.09389446860317152,0.9785475456583016,0.5752124701349248,7,5,74
70,33,72.93140979918995,172.84658140223002,24.411418715006057,89,0.8953451139192837,0.06508248144298467,0.6854773810184683,0.23107005093164346,0.5388685033951495,0,2,96
71,35,24.3078541780011,166.07611001850364,8.813172987211647,82,0.8442349615530241,0.1390727011486128,0.4269043602110737,0.8428548878354571,0.8180333057558384,3,2,57
72,28,76.25978231547754,154.4957065491652,31.949401831999783,90,0.9353018858844462,0.7722655830970694,0.6109865079265923,0.0026770710333953174,0.9315050336880877,3,5,103
73,41,76.9138512302327,172.08301633506852,25.97338410245614,75,0.8093649714891984,0.70903546018329,0.954333815392692,0.3519362404956907,0.8975427646494055,0,3,34
74,44,68.68044534630035,161.53392027655568,26.321197043231358,97,0.3220173357653118,0.611327420197621,0.3676261733862233,0.7262271830954212,0.6780594102120125,2,3,111
75,46,66.25332611833782,163.21785573312297,24.869803278520713,67,0.8028933715613342,0.15914623694224284,0.6057119572702788,0.11566187190501331,0.7278881583695115,5,6,80
76,22,67.54634549318617,169.248228531865,23.580531704839103,97,0.032273288206079664,0.4566875932585548,0.8247977056146468,0.6686058477859133,0.5459175964679045,3,1,30
77,27,60.160696053944626,187.02808606851755,17.198841461879834,72,0.8890599531897286,0.7372785797141679,0.00515296426902323,0.6941578513691256,0.9195074069058207,6,5,65
78,32,69.21311942316098,158.55193433268406,27.532480080446565,77,0.621473036237933,0.23933700414974468,0.6308710670682552,0.6937457124861407,0.10625490993419928,8,6,69
79,60,60.364262480294144,162.20431000814494,22.943259599302287,84,0.8989610922270317,0.18551789752317627,0.5326685874713607,0.32626963264937237,0.31654255989247604,2,4,106
80,48,75.89594400970137,172.19509555793044,25.59628939129974,86,0.18975361652607803,0.5208747951515721,0.3759942708848374,0.24209970828585592,0.6845527391473237,2,5,95
81,31,65.4845095726354,168.84354966022573,22.970456782847485,75,0.5678460014775075,0.6211692473670547,0.4981795657629434,0.8667885432590956,0.6277347561952844,8,4,46
82,41,86.3612460165175,164.67297208020446,31.84741974887874,62,0.26461952968972313,0.575533888310394,0.19490100382675557,0.7412316659101856,0.9369278798585663,4,4,52
83,55,95.10232115413142,169.8218021453345,32.9764747054193,84,0.09645086069738418,0.8634706491935857,0.5665061069891627,0.36791748781787337,0.3423423766251579,7,5,54
84,50,101.98230115855665,172.34821525948732,34.33295832693649,96,0.5546450586202596,0.8268616030486949,0.7255735341014894,0.03855724605899835,0.7731100525054192,7,5,113
85,52,93.90557200520617,175.92646198540407,30.340939525982556,83,0.8200224358697518,0.2981873596630641,0.1509348973110416,0.3302670356968992,0.813880141920636,2,5,95
86,22,56.44821198102582,178.11137241221027,17.79372563969089,93,0.310839977143316,0.7186263903411519,0.33597754234025523,0.727771273214418,0.8151993953143135,1,2,107
87,62,61.507139884661214,161.332104317484,23.63109986578544,79,0.20729598015592154,0.6649647021455755,0.7538900662482234,0.6040775469649426,0.4956167803712477,3,1,50
88,50,78.059550377088,169.89834835370058,27.042555613841692,67,0.0691826587923895,0.8791733376874045,0.7348137746305611,0.17649938888906014,0.9391609090873704,5,6,63
89,60,92.05284085627177,170.75887385825536,31.569712863732068,89,0.805263855579175,0.7239413985013259,0.5591737821017022,0.9222985036674477,0.49236140669088413,3,3,91
90,60,59.38741453734134,176.7057045031091,19.019245255645462,82,0.3228295375480875,0.22956744469194978,0.5068629584873134,0.7368531616807855,0.09767636744772412,1,5,90
91,43,53.45640680566945,177.19983730143164,17.024451388683975,77,0.9202717543398119,0.3662443196462556,0.9308394544480024,0.5457793402968006,0.5740918955171218,2,6,40
92,61,72.89130773597824,160.80886555130056,28.18744849222744,61,0.4567036258604842,0.020950069267730465,0.4116155136137588,0.48945863543469814,0.2436778752812322,2,6,81
93,43,49.87754911625436,176.1192719273116,16.080196151270528,86,0.22885739019915685,0.13394889070299387,0.9310765925671552,0.670761655944734,0.8762848912577971,8,2,61
94,48,69.24873858572766,162.42129139574834,26.24979695430712,92,0.6444791031250725,0.2512119615032453,0.45022446922952564,0.28830055336939087,0.9211922084190198,8,6,32
95,35,96.44781052268456,146.7205243856814,44.803364870014754,89,0.3001894580146126,0.26678815804508316,0.19952953347656566,0.4926324326786844,0.3451377710351704,9,3,90
96,37,68.3130102616067,153.1176997222857,29.137523114338386,87,0.45239896500686305,0.20063767068556848,0.9294751866998332,0.12266198333459533,0.4813752290461304,1,3,42
97,45,90.6654072875518,196.1087309137682,23.574785959525755,76,0.06077815630343164,0.9048267078810679,0.6512275625691014,0.6409073259832503,0.030208200221242043,4,1,81
98,64,55.81104506304403,175.7673334912145,18.06524377149433,87,0.3979881574559926,0.7600492013625404,0.5629474419315366,0.7304780522039368,0.192846100016822,6,4,114
99,20,83.77060430830687,167.43965404700413,29.879616036732607,91,0.9132843408854808,0.524577067478626,0.3542248218272628,0.12027734497946962,0.7549011041375683,5,4,61
100,46,75.73057480475684,170.94114356237606,25.91660103909755,85,0.2662839884258186,0.8074185272001149,0.1635587947677568,0.8768395705901733,0.7737104057028639,6,3,95
101,40,52.69074454521986,144.17203367030055,25.349668605949947,99,0.8955129342048439,0.20868332950590462,0.3753504318273384,0.6411329317195277,0.7160326485544439,5,5,53
102,36,55.11172142205807,163.48869978809142,20.619042633554965,87,0.6685771566807857,0.24527794205041442,0.20109601788842535,0.07489516584570699,0.36321397861755755,6,5,114
103,37,85.6592678905262,177.82441647027983,27.088912712588648,64,0.16431931652456944,0.8937727558492876,0.5750617107813022,0.2567678164528451,0.23679003662287235,9,3,41
104,52,54.08166568831136,176.99380483587817,17.26370190685086,98,0.18147632030416894,0.1662895700085888,0.24049039562302021,0.22052829973323396,0.7097005375207258,4,5,96
105,25,60.36385574099182,178.33958568912962,18.979355727709372,75,0.7886609607677921,0.9877583893150483,0.8873630620836529,0.005315040305120089,0.06033534371131877,3,3,112
106,26,76.9512355842957,175.9689613323682,24.850976368882023,70,0.9234555382041066,0.2991536445438161,0.3884041171691053,0.48627208632931485,0.5881514604352993,7,2,105
107,61,84.13758894390135,178.97956720074652,26.265347772301126,78,0.9253950252924407,0.6646655865344386,0.42305444016612115,0.198990939925484,0.36747532225192725,8,6,93
108,32,87.70702401887915,160.47810761848208,34.056717458000286,61,0.9114508753507623,0.2763371527370494,0.3695235401396495,0.3798939037860174,0.5604505887097803,7,5,44
109,26,57.21211270452127,153.8024688263967,24.1858509394667,83,0.34292079425055555,0.603649421485593,0.6213925902023893,0.29861366260267164,0.4609093930486534,3,3,80
110,19,68.64487979038054,166.29635602943648,24.82233789378239,85,0.8075638041598735,0.051007308828755815,0.6271607114618583,0.5024530743128972,0.16981950317171468,8,5,79
111,30,79.61026425595972,170.20547183967878,27.480335448067898,70,0.9926669934642663,0.11861551836576589,0.9382561369639623,0.2445696090205628,0.458212259758612,9,4,76
112,59,83.8564388339626,162.45057280506072,31.775611796519115,60,0.7014407515872629,0.6244974764053071,0.035581802310027943,0.3881690830118073,0.5556790388062194,6,5,32
113,26,94.0920210766719,182.0229414760098,28.39883606259449,93,0.8054624374049966,0.5861079417411448,0.5692869199842944,0.5120807159237846,0.9717630761139511,6,2,81
114,36,83.61212494450656,160.989558314586,32.260704201219475,86,0.25937738414152023,0.7581937163538238,0.4598752073945209,0.5736097469668154,0.955046681006283,1,5,73
115,44,98.95752026753307,160.25019034186357,38.53467458978288,99,0.6378402990857371,0.0978959985234259,0.26091105331620945,0.17792968264239128,0.620053580355401,6,6,77
116,40,74.36070514287883,154.91396297807069,30.98577558606675,64,0.26694580183445415,0.8970574818724156,0.5646272099925381,0.12581115948401467,0.20501141354252228,0,2,58
117,31,37.955496311898976,165.71544734873936,13.821293440841554,69,0.9468071709445222,0.8451540869957204,0.3827642192427715,0.02476905803924867,0.8310311139953782,2,6,101
118,41,80.86552757304946,165.94058272811517,29.366906638964366,78,0.6775083559940103,0.9378643744440391,0.6211403254603832,0.09781016147905275,0.8843603632419503,3,3,104
119,27,77.70086252360561,153.50095924927444,32.97643111299232,98,0.7005286228178628,0.8830775973191353,0.9665751069241639,0.7747476141924986,0.9942330832207621,9,4,71
120,41,75.5528856429682,167.05224964964842,27.073624379870456,68,0.6525143464291204,0.5526458698851697,0.25120011652472307,0.3240523212034009,0.788164612337853,0,4,36
121,47,95.10978560516065,159.99669651046295,37.15379420080761,63,0.5259166399219238,0.49853354869427624,0.9279583638258733,0.5034492780123592,0.19637414464593173,3,5,44
122,32,102.3629672414547,165.759297435428,37.25521480913729,98,0.4137802198582661,0.686380230000473,0.2958919763768736,0.3032919214196661,0.3558891546408681,6,6,87
123,22,60.55688971718669,183.03907453807074,18.074901470064162,68,0.813223546057808,0.10537250911600926,0.9645108154949003,0.7126394625623247,0.5239944796513962,7,3,72
124,39,59.967912473739624,178.8351175753012,18.750520238635804,79,0.5802378708634601,0.7748797793474019,0.9440324664280993,0.03669141786941299,0.14740010251322067,5,2,90
125,62,71.31018608486023,154.82422374526408,29.749094228319823,80,0.16993498580038902,0.039222300277596434,0.43014562035589976,0.4312533247804563,0.5311951227664448,7,5,54
126,24,100.75700834520691,190.7586625755654,27.68896524936802,84,0.31837893666617656,0.1681421180228203,0.5561331794504739,0.31802863096038647,0.9580671779934349,8,4,112
127,39,70.24507126169338,170.67492257240806,24.114398216084744,87,0.6514670607825365,0.3370810621499315,0.43023547802522044,0.8493363350724188,0.022331561797470756,2,6,47
128,32,58.67322478275989,178.7736423654767,18.358321924164642,60,0.1932362924745561,0.685467145913117,0.049499744261067735,0.10185461524821648,0.13417363807828764,8,6,47
129,56,91.62388889290615,164.70629528837333,33.77445295612368,82,0.5339779236287958,0.9442027179139421,0.3966101121260647,0.10668244680271344,0.4087738294698373,9,3,70
130,22,75.03718658299435,167.91546470148694,26.613080706975115,68,0.48968491236454914,0.13168728181445688,0.3970136667776334,0.7044015394011737,0.2848855205537312,4,3,59
131,45,92.58791919400385,178.30373761640243,29.122820268570777,68,0.5533152433905455,0.576656725134395,0.31567092151335063,0.04446784344627708,0.5123100599017075,4,5,69
132,39,70.93220104418923,177.1679468672675,22.59816272940191,71,0.28672584878976626,0.19664628730812084,0.008903998574039895,0.8913013995994125,0.7890153286535069,4,4,62
133,55,54.317788217634224,175.90774162709042,17.55384145275044,89,0.607624106230235,0.3699406954854978,0.5846397909736113,0.15728142036562975,0.03776409716511464,6,4,104
134,43,59.06424561261134,174.31663669332875,19.437794461514592,90,0.1998790804886018,0.5751389435782195,0.4570628258440247,0.7181190398077972,0.4630500500438274,3,1,56
135,27,73.1592197981703,168.77667099775093,25.68291014687198,69,0.9832748650501553,0.03042651533700591,0.19362329040249648,0.112249992587386,0.04236404709144326,8,6,35
136,51,78.49244165774118,165.32648717428327,28.717257525325724,68,0.9296187394467544,0.6672147067866749,0.7980790197559975,0.5509939701854862,0.98046645884063,4,5,44
137,25,46.749787159627786,186.48504010268178,13.442858938142983,75,0.41308612590388627,0.7100583050156887,0.789869503109125,0.3172601972499828,0.9792702400358185,7,5,100
138,58,75.66638754596077,186.31597427532273,21.797305784590055,65,0.908248379234579,0.1503497568713703,0.5582834241692485,0.4283785131058563,0.9231590211737403,5,6,97
139,59,79.61434482088396,176.71761863856628,25.493626826092417,87,0.7381515456910565,0.9064941252379208,0.7998654355823109,0.3109303803440895,0.4984347858624524,9,5,107
140,25,55.56449083913259,168.94424257268042,19.467516294392848,90,0.7714057235887447,0.072422857200095,0.6704301077785568,0.14798975590525898,0.6811148375150179,8,3,105
141,55,62.34955690366574,168.26536102927122,22.021349422480075,88,0.13442806125258255,0.20437375188294493,0.37966146833187575,0.49657784434001506,0.020141255218389165,5,1,35
142,34,40.55901986288872,161.0363027744782,15.640112380955458,85,0.5155952477633321,0.36614680526876353,0.37121297664160846,0.2733833865798386,0.546963252431712,6,5,69
143,33,89.92807528714305,165.07114206458175,33.00296709258612,71,0.8565674676693013,0.7203192659868836,0.9790109190008228,0.8988252193018174,0.5867171662232342,0,5,39
144,55,78.44484577879192,177.51946587677196,24.89272541188008,97,0.3434538036350313,0.5293102122750869,0.6225655209169239,0.2696006927836949,0.2611701243647766,3,6,46
145,45,81.54145267265956,168.37781552423309,28.76131261161832,85,0.5017676572729814,0.9806489347715056,0.42098533510336433,0.5856281344357009,0.5911709301657625,8,3,66
146,22,52.68086453358686,168.4925907761078,18.5562953865218,68,0.5897118179929232,0.8815672700724956,0.9290661572687678,0.05352962020731811,0.1816223946456883,5,6,53
147,54,81.61487653924098,183.8847399958725,24.13670307922398,66,0.7513810022852453,0.8360531379495298,0.5420173544091322,0.02740073783724639,0.3299728878403606,4,5,40
148,47,62.241567840077394,171.08806221728707,21.26381127112148,79,0.6383628950006773,0.1017702665445448,0.67301013383484,0.8018158670596945,0.1853129195793668,4,3,34
149,18,66.95401639619064,183.23875009269887,19.94077314997381,76,0.06659633223555117,0.23597038524157,0.1530968968357228,0.19751910684608542,0.5283151270573506,0,3,77
150,39,57.59462091860882,161.99532749603412,21.9470901621498,91,0.8701821785071485,0.5620661107547191,0.4562225019615531,0.5961844467792436,0.42880977016034294,4,5,84
151,48,75.17915744728195,161.31585562061815,28.88972063308902,76,0.16654207272882082,0.851198471715004,0.771077346815188,0.2814537272943938,0.3772689326657602,5,2,48
152,24,98.02587504365206,185.46849001078502,28.497086157464572,85,0.43125784684189816,0.6726271392574619,0.8284804905178516,0.8526890057422694,0.032775901293363385,5,2,79
153,43,61.93624947162907,175.23261738688078,20.170423065813324,69,0.5168330403809708,0.9829264779958555,0.14405854109084226,0.8996517033276689,0.11646325416191616,6,1,100
154,19,93.97305304808197,150.63894610586718,41.412247359428,81,0.5620653174867871,0.21878330983125793,0.5507992867357274,0.7178526672195303,0.24980295680608966,4,2,102
155,38,73.73492145952905,168.84947642523366,25.862695429081107,73,0.8450776272778745,0.15484070340157663,0.20414427551372605,0.2552645170920256,0.8846220568448426,5,3,115
156,21,57.667144524400335,177.06380551474484,18.393689849281543,76,0.286329546873449,0.16674158011136264,0.1726966861550493,0.4815533546282057,0.10968306211295853,3,4,34
157,56,40.78452270333844,172.60273225318585,13.6898929393827,83,0.8257381885570964,0.8184221621817872,0.08044851553740051,0.6012277576745202,0.8345863819712365,1,1,98
158,36,59.92336010374298,172.67018586515363,20.09839812119909,75,0.4365323876625101,0.17733715188639598,0.03271940636838355,0.5123698316768335,0.5146093096813183,1,5,40
159,36,60.53212087379714,176.22519140304996,19.491708540236665,69,0.37005203878232495,0.19649684552509794,0.029881139591037553,0.22618104580202147,0.6218099443159499,5,6,105
160,62,58.88615452361,178.33450697048576,18.515797540179246,68,0.528741511699448,0.469384355145153,0.7594502514576428,0.17820095493926813,0.17117204815515852,1,4,45
161,43,92.88936341327212,172.4676602397997,31.228465423089997,87,0.3662749385282401,0.9846684021254576,0.7113094573197543,0.7682432485267439,0.5780805887228204,6,5,73
162,35,87.7018781932538,176.414320623228,28.180015072676394,67,0.05902324526911473,0.8109817316001534,0.6277557161629794,0.9049823195783415,0.7487223064086382,2,2,72
163,62,43.908239851468096,173.679540640882,14.55622313373368,74,0.4565991309896438,0.6117915304466806,0.5810185821036863,0.771288956149331,0.5515485070832773,9,4,39
164,52,76.64512831066104,169.68019557190541,26.620869929717855,86,0.9890880753568537,0.818101050024029,0.34060464388435197,0.15204702504442202,0.7840586144671541,1,4,49
165,19,70.48481670038213,181.70322215259918,21.34864508128771,66,0.5124084820248398,0.3017015746396532,0.8618229919755958,0.8443270139828222,0.3154651571670559,5,1,65
166,51,62.15123584922657,165.19757958261778,22.77416217889745,63,0.3771609796520614,0.5120174325298447,0.6069891721731906,0.14439781913669703,0.6962908467398153,6,3,97
167,45,70.32100194247691,172.62777985762347,23.59737420840565,96,0.9301263622436969,0.1812676621478424,0.4013882466247205,0.6155972191096447,0.9465570860740017,5,4,101
168,22,52.17363367625471,141.97797201608287,25.882674313298896,87,0.05249718835547312,0.22614310275141347,0.4542323117346425,0.7914209362496744,0.6863009074250286,8,2,63
169,35,68.88447977879333,178.50385028713868,21.61853232774219,67,0.426481206140103,0.39726804229947466,0.5968195136326637,0.9320567294968993,0.7677775936201333,5,1,108
170,63,68.4114377152829,170.86306563314585,23.433239381642494,72,0.03273788944564582,0.3988475267787729,0.31845048259413333,0.10319313158058674,0.30985250932518904,6,3,46
171,25,75.09248337078745,163.70602219981774,28.01993704204643,78,0.7181865260891839,0.8019572403734452,0.02632133528409153,0.7188789152714244,0.8256808210194495,8,4,66
172,52,76.54957711943939,188.08131810578976,21.639711995035228,91,0.0682532331931166,0.4298234261666003,0.8086081301296977,0.31959259138128293,0.7803699991590257,8,3,77
173,39,55.36905906783018,166.80670494673106,19.89940707083173,61,0.7495368211428088,0.03747767216897002,0.7732620606404027,0.45183135224238347,0.6663203991386903,8,4,67
174,53,69.03776947441796,164.29006310190235,25.577857210608702,76,0.7574375412279564,0.4909560020866891,0.18878191578380832,0.3115482256932277,0.6205335740550509,2,3,45
175,56,72.19456669001566,175.66545315818212,23.395471027068595,60,0.3701952452183618,0.1539427981458149,0.12064627695915386,0.1309347972736017,0.22813288874391047,9,1,101
176,46,67.10090270898479,175.81715033924988,21.707304051129373,63,0.4938654869205371,0.5818889426345698,0.12636752533060347,0.8768206204006308,0.7607926286668019,0,3,72
177,46,77.14047075157171,164.34502193625343,28.560721701323263,61,0.4484821141791955,0.8054211672506183,0.7915374723231269,0.8208999854584782,0.6908707715940786,3,5,98
178,24,68.17082608599584,170.13239767667534,23.55182206915896,96,0.7220245309336797,0.6981163757068996,0.17633290746448915,0.9417421432655166,0.7210434084324896,4,4,59
179,23,88.85829476243491,161.44759542749136,34.09061314871812,76,0.3591065076533001,0.6166184435520741,0.9004101465401794,0.17319323622858762,0.8751996098363184,6,6,117
180,45,67.25732002455733,168.20547883039842,23.771647567175247,72,0.6438640367225967,0.5017731306999452,0.8115184706218832,0.476083985968232,0.5231559899920758,1,5,42
181,52,74.25654331575018,157.87132183790976,29.793960533777614,94,0.26025253845028384,0.37121738811447846,0.5841984694310223,0.39231111207304037,0.26817309885628915,0,3,46
182,52,78.72814513127335,159.82026671926238,30.822390414704525,74,0.9811417686583087,0.15071514383450613,0.1622518102714009,0.11468098742884536,0.2907614696974765,5,6,83
183,19,90.85973790949299,165.2004494328266,33.29270102452205,99,0.9835554181712204,0.0015945706042945762,0.14545014069886597,0.7791109940193555,0.8051274852078378,3,4,98
184,44,62.575814211307076,170.11845121845857,21.622388627031235,76,0.0633690045488483,0.40985744990733874,0.722500087509922,0.2387388407706993,0.9438275890731485,1,5,34
185,33,86.12624592871929,160.39291705849536,33.478434818612634,98,0.9334558911487183,0.2528538777482612,0.7578241076908905,7.369943310608917e-05,0.2542400891795997,1,5,119
186,26,63.501256424776145,159.96376862708993,24.816416178757073,86,0.5681622441809498,0.6679770724602178,0.84083024241225,0.4972313969773726,0.3920217173051701,2,5,66
187,60,94.1616635778822,163.10586678138583,35.39443284349978,84,0.7622969125597391,0.08154121909145695,0.8310363890766933,0.17204216359185942,0.13643236902046962,9,3,42
188,22,90.03543920759577,169.51711471312186,31.33187490109941,70,0.8687285769777595,0.506201666407215,0.3487080688769927,0.5327205784966398,0.8092119020835442,3,3,53
189,18,45.430333038997475,157.24611075857916,18.373254689391455,62,0.2213191192150874,0.18473853877407864,0.47735231587716076,0.3563427347391144,0.24083634900404494,3,5,88
190,20,47.915156073002656,165.99651184986575,17.389015029134384,78,0.5873365996384862,0.3546777492789197,0.7437051068242359,0.4498796684068139,0.41218115698127467,5,1,90
191,18,61.535231354762665,163.20406957455856,23.102653790718996,63,0.22074626138533493,0.9677585797046285,0.1378313022164549,0.08099818472507547,0.7036503457155843,6,5,78
192,54,82.36927329457701,168.16244269750007,29.127768883486397,60,0.6954073532635352,0.4318931001753774,0.9197299731224627,0.5654457517118716,0.7112749724674928,8,2,33
193,26,66.2093399193759,166.5580354353262,23.86646395226437,71,0.20339584199869565,0.17610383778949612,0.3198073353960721,0.8168251414784377,0.5395366051096308,2,6,92
194,53,56.24605883098759,189.78144193572604,15.61653262101066,85,0.22477732839266462,0.8477393315953481,0.5613987175911241,0.7132460130406766,0.9818642170133025,2,3,114
195,25,82.0984565184439,153.15482744575118,35.00044867226388,66,0.7410239001954746,0.17545484988691606,0.4719656387638128,0.6072045979588924,0.1795884802120623,9,5,93
196,54,74.577657333423,161.14045778387398,28.720999590843476,65,0.14091704100718483,0.6122380088432651,0.1295314010680262,0.5397033392446859,0.86743363003176,5,2,58
197,39,34.30617480446841,152.31981390425153,14.786299384994592,77,0.01923205935154848,0.569872151314809,0.2946502419545467,0.8490286349356629,0.6328496569149624,2,2,104
198,23,46.81247568609707,159.80759608656595,18.330181792130514,99,0.9616061156066621,0.6502003358335975,0.5059079841180887,0.46602174382604933,0.8903785611157826,7,6,85
199,64,64.13803005878479,172.52331431384522,21.548648221903207,82,0.7343610274640362,0.6105632454438723,0.5589916362302598,0.4976953531173446,0.957509805598397,9,4,33
200,61,82.13107281514696,187.17172414970042,23.44374635088152,64,0.5618576169108853,0.9203887958101262,0.2343470932611088,0.11080397111904217,0.27923241456580083,8,2,54
201,39,58.61948561273587,189.62459473297034,16.302442306575834,91,0.18586265267449054,0.34857363415920883,0.3851650136809526,0.15337034709900133,0.8905047547177285,3,4,84
202,57,51.647383195248125,159.40987703597267,20.324406317371338,66,0.8208656496687533,0.9296781803005653,0.3558980766566505,0.9624961709737397,0.7969515928890308,7,1,59
203,35,49.47632356992414,161.6036755282681,18.94501496780817,61,0.3853834523824391,0.46429001306511475,0.6422713696576796,0.5877812262301637,0.7332258718921955,4,6,93
204,61,82.59729726123305,174.7986364258711,27.0327205989282,90,0.7639333645192852,0.19689198987786816,0.9797056370530559,0.7024173402529652,0.7992359260698854,8,4,36
205,62,68.79351789359066,184.48760107632307,20.212179718145592,75,0.17641876141359947,0.918720048459746,0.5777064628516863,0.38572611046047234,0.2277063971733957,0,5,80
206,46,67.05649052584687,189.6676397193474,18.640361945541525,86,0.18870536624168155,0.8736807502382725,0.7228892195082053,0.9780789135777138,0.07520338074537225,7,5,110
207,24,77.14868246603136,170.93541626736547,26.40367666437777,76,0.3447021787677881,0.7243335638753198,0.48843308793583295,0.9801590374409924,0.42261007383104854,8,3,34
208,38,78.95818756605138,180.0133101734673,24.36620730565515,89,0.23802204523083892,0.6988434313256157,0.5933655194746951,0.14508289410838793,0.7637086131477745,7,6,58
209,36,85.39907140138826,159.6203003487594,33.51790772639213,96,0.9809794008003951,0.24584930191283372,0.7105053286301986,0.5051134386177387,0.4787726368177081,9,5,71
210,24,75.25655865913501,178.66525326274365,23.575676105129993,66,0.42455295605800947,0.28646463245986764,0.5015914709407675,0.879417462024168,0.2750064007006836,2,4,106
211,36,84.79713679679647,161.6734918216385,32.44169610825603,68,0.16548322833961315,0.6254176103511686,0.6227889941042252,0.8382270444539296,0.9354927638714214,3,3,33
212,24,68.10146002540915,153.35827014833825,28.956230198679417,67,0.3242728755420111,0.9246228121426286,0.97478726073471,0.44986153390757877,0.22712881689932363,4,4,95
213,24,48.29589497866287,162.3763846327239,18.31742759508983,67,0.401083414071136,0.40014465895369966,0.9570318254248034,0.7574936401354052,0.47131545292505006,0,2,90
214,43,65.52515246506249,178.25372232087514,20.622002012421213,87,0.9818160859639553,0.11552222031708181,0.5055579969911203,0.009912599002858347,0.27251838726693933,2,2,44
215,60,63.96724050826249,164.5929032634681,23.61214297852803,67,0.3088664887967655,0.49900524278960057,0.5685596634754965,0.5463289206655982,0.26004634657039793,8,3,84
216,19,60.08926590194943,164.45921833736787,22.216746255658663,69,0.4358412131383109,0.7385922212429411,0.5265842599978379,0.8866832208474523,0.8309087977775759,5,2,31
217,50,45.76725231716216,168.21566477120396,16.174168659060957,90,0.053662906291589096,0.5874885247317233,0.7726041436328025,0.7748654492251879,0.030288410155906775,7,1,78
218,43,60.2948957624929,173.30238271307158,20.0757362344182,96,0.2774180418359983,0.9622799113275983,0.3524071200093821,0.8941725152929719,0.1810416715209251,5,3,96
219,31,69.79531980725817,168.18804940909473,24.67379965086523,79,0.2527174877755892,0.548472985132384,0.9380150047976813,0.11992793797598456,0.7720619880324344,6,6,78
220,52,88.11367495847864,183.4129544993159,26.19288289525717,65,0.5595705341197842,0.584644597787864,0.09127072085677812,0.6004710432403803,0.3815222070708323,4,6,37
221,21,96.96309080688857,152.76771749283677,41.54734448743012,86,0.48483331690666576,0.14462155907453855,0.761773167168019,0.9245589331753299,0.8203213035248097,1,2,74
222,40,83.65968508344956,172.9871365999201,27.956873764075606,61,0.7165543241648112,0.57543281449971,0.4700174829462942,0.7675392416193176,0.981066222940361,6,6,43
223,29,65.9158584828238,170.6859922748066,22.625289776351167,71,0.5776220045897807,0.08291544320366118,0.04392826228233493,0.17287853372872408,0.459864680163911,5,1,38
224,35,64.47262215005556,167.4719547502704,22.987468900426137,66,0.5951520381870461,0.3553426161530129,0.8927115179196812,0.30057420613818364,0.8810947001037039,6,4,50
225,24,84.262505455057,180.54177908938922,25.851094350936258,65,0.18081101523469556,0.26606710144373347,0.6256828772691428,0.44309818564492065,0.7363126921193682,8,1,63
226,43,60.75188297847038,180.4369697456541,18.6598734188178,98,0.8687081651119821,0.12927019493137892,0.6694081198913719,0.8968103716642097,0.09812352545092051,9,5,37
227,22,55.321023441920985,160.3517403903796,21.5150742946927,93,0.19085000416415399,0.9019236326293176,0.8583981340466859,0.46163936131883676,0.36725141256017046,0,6,91
228,20,71.17771037761264,163.4671529807211,26.636859257427787,81,0.4722903862895588,0.6463208098872277,0.40348519817736606,0.7598222111880885,0.321007527361849,2,1,105
229,53,99.83097877893087,171.98989494405188,33.748887918366144,79,0.687548957563442,0.6061718638124869,0.5528857604818299,0.30642697869683977,0.39449140807009364,1,3,69
230,62,90.47814841734464,154.57628249907523,37.86674608305234,60,0.3562531775378994,0.7571297778090657,0.9863290630015888,0.5263216119513313,0.4707321549552316,2,5,92
231,29,84.00565172572392,163.4914060308815,31.428137742451796,99,0.5006770213261564,0.07208015736151685,0.08964247609873699,0.4211107588880808,0.26121895270342166,1,1,45
232,51,54.92101837067229,176.9625203907258,17.537835463726303,65,0.8825859737322465,0.08020666233007856,0.5076354697177541,0.16390990010976536,0.36589214535693404,5,2,38
233,19,71.46626203633278,171.9782816784987,24.16316706551224,60,0.3229071063370519,0.3457458450898646,0.40051046358150544,0.41091573429808903,0.10325322066597453,3,1,69
234,47,54.97098975482295,157.78185756093265,22.08103505142728,85,0.2846940663904305,0.1548694156544791,0.7838366908422123,0.7149323989195256,0.1459478901815131,5,1,67
235,61,72.26865969064801,167.74394485805786,25.683623561574706,76,0.8621662670420273,0.5080443388649867,0.46109400030335734,0.9651163249194699,0.7965122557387535,1,4,41
236,21,87.90417521123797,168.45927601575164,30.975594017990613,92,0.9107117463268657,0.9410902922747164,0.019076596560196113,0.25913472484312317,0.008446139182786028,2,6,86
237,48,64.97164633756415,173.26921434332323,21.64118607963114,93,0.8135816816510619,0.49863935274004045,0.5912202854073818,0.7312928092030199,0.8464261639788647,5,1,78
238,43,60.307064719602025,189.79317041645936,16.741988133071754,74,0.5395019250274483,0.15851485058039905,0.4095268315182661,0.07687299375237977,0.6893006911552638,9,5,84
239,60,75.73897205085194,151.42516728405462,33.03111866843353,83,0.2593415079870255,0.9640203904338944,0.6619487321735315,0.06877784768384376,0.01077776350569315,7,5,30
240,27,73.3428748465523,199.2909624176386,18.466420480389715,96,0.3573878676755353,0.4116694213420179,0.45089519917389853,0.1667046670362733,0.6762737585145276,7,6,92
241,63,57.72678929832781,175.1911451877653,18.808454036606687,94,0.7930286671951117,0.8264304053149786,0.9539204667037277,0.3888506288432074,0.5800802641821708,9,1,110
242,61,66.50907163248358,174.66268569810524,21.80121099940069,62,0.20335662406959776,0.5700468780927677,0.7457637340963282,0.3530363904475091,0.43438225122139007,5,6,92
243,47,58.52605489740915,150.9937856122473,25.670309399155908,68,0.7759584418813597,0.07614516220153023,0.1580597336011924,0.6650816241420333,0.738402441015417,6,4,73
244,24,43.697925998330675,175.09523316535362,14.253193432215276,81,0.6733993857385328,0.9409707005758109,0.743312298797784,0.5102870175924629,0.13872702474294074,1,2,70
245,61,91.21622564093536,187.10836582546656,26.054676575865887,97,0.5208242721052877,0.9971796086584169,0.6339558918260839,0.5831419065858817,0.8282669370747586,8,1,50
246,34,52.24642921476302,180.06555860947776,16.113701290925526,84,0.6090793160357167,0.18477457483728732,0.7567656059114031,0.07899624779631742,0.9464155089077187,3,4,42
247,62,58.00320792421344,188.96182228633143,16.244407532421338,91,0.11003100004805311,0.527805228875436,0.13251733188609038,0.7720473495193555,0.20429239350918693,7,4,58
248,35,90.65517607954686,182.85354610328744,27.113515522269477,94,0.4617576297529471,0.4343451101984821,0.926802475830331,0.13420494747630474,0.09113640612930685,8,3,71
249,39,84.94565578244472,154.96632323732788,35.37256191688346,88,0.603038139426371,0.3402312343169456,0.23837076773086996,0.5104006108990281,0.2916492615163876,5,1,98
250,64,58.607044469215325,165.15890591456764,21.48551787412518,82,0.03704458678989342,0.30222807236545257,0.7122083140250004,0.10273429996532313,0.29916649395609607,8,4,37
251,44,73.04927619252364,169.69321925284905,25.368041505663815,70,0.872921538595177,0.4685793482856865,0.21386068416926884,0.8894702840527117,0.7293597225549444,4,3,70
252,58,76.03768368506316,177.75902303283473,24.0638753439129,83,0.6340841450221492,0.28272024314322675,0.985264957115188,0.10131817112919439,0.6450463969854904,8,5,48
253,53,79.43038070149224,166.00320606417003,28.823963060998558,78,0.36771261595328586,0.2975853747511801,0.15280763544988518,0.901611069510674,0.9869924910668593,6,1,64
254,35,65.44655905910417,162.71933382632196,24.717725374482107,87,0.966414199195927,0.9225922138860283,0.7165374196869366,0.5404157432495277,0.3670956983622876,5,4,119
255,41,70.13054707801366,164.15804384156058,26.02452971748731,67,0.7709400866027316,0.35635090252202095,0.017747959061762075,0.657519895380428,0.1978721585848523,0,1,97
256,51,53.95224984992106,160.78367609219228,20.87015391094012,68,0.5696770582920668,0.7654631947416347,0.24813170508672255,0.07267787938066983,0.8597396554684762,3,3,35
257,55,50.75257818493724,168.92585368776173,17.78549120590989,72,0.2902266451589226,0.9696234687543495,0.3486332299682927,0.10784968126068728,0.3885892096203356,0,4,60
258,42,86.65956136786754,159.26502093836876,34.164548085349196,92,0.30904958501240243,0.06958710851901795,0.36547352532599353,0.6979152283282977,0.2746221102480437,4,4,111
259,37,78.25558586030397,155.74023198768688,32.26366596001781,61,0.33160214566713064,0.3430669324230867,0.8010420278257667,0.037030265605016766,0.0737869831214143,1,4,69
260,54,58.10364310271013,168.06621308599986,20.57039041556824,98,0.8028610779636016,0.12795289583193037,0.12060049133327311,0.7815206552705452,0.3517864802747499,5,1,37
261,41,92.63864275108087,177.68658145920716,29.341541042696733,97,0.8383735674469107,0.620519983565336,0.9200563053473798,0.41578751304691375,0.893424153636665,1,4,101
262,31,66.46159812888018,189.06618850868762,18.59272483099642,99,0.3688491939140621,0.4740025854219123,0.42848215448923443,0.11645228109244143,0.2477964557251887,8,2,33
263,44,84.4416705230434,171.9418325819029,28.56233535909134,90,0.9516326469836549,0.12778403585255582,0.6189901451361207,0.14824812055787107,0.11132020509101603,5,4,64
264,39,81.15607151883877,161.37079525171714,31.16528750507827,60,0.1536665427726126,0.4444937233583467,0.4950963271763734,0.9897655068476245,0.04238788413854011,4,5,35
265,32,76.80825165275564,168.00124958148874,27.21340315626705,99,0.7470995895037185,0.3663890377050466,0.45859727866950517,0.8727971506701458,0.18047054215897018,5,5,100
266,19,75.79663896856252,169.99898970121257,26.227522451711383,81,0.6258146365321519,0.6899740767401576,0.673802570521777,0.8752819261339279,0.43299617691515513,8,2,50
267,55,54.77232330993976,160.52796612398745,21.254933793782673,63,0.1170530991510319,0.2379606819174762,0.9016067269067185,0.5085098936906702,0.6081923837970241,6,6,96
268,45,86.08999078734585,163.87955905879033,32.05553930151608,93,0.004703256227400421,0.560704814401895,0.6294396973674051,0.5164821615867807,0.8214864542445519,7,2,50
269,51,63.67464388226027,172.91956926231268,21.29502894094977,72,0.024945629811443437,0.41536730019127244,0.6888991073865137,0.2342916462498248,0.6986299508481587,4,3,66
270,30,71.77005140670964,161.83962646543878,27.401448585248453,84,0.28729288177474666,0.8796815425879331,0.2849270528072487,0.9416870709741989,0.5461327493471125,7,5,39
271,23,50.09932007247256,179.47237222169255,15.553804122386174,93,0.7785842640282813,0.8515577942834893,0.8164127137140637,0.16607708859341797,0.8283895525035856,0,2,70
272,35,51.557170839889935,166.21365536628312,18.661892206981076,98,0.31137542661392315,0.7682362427575407,0.8444813005682733,0.09329896393119874,0.12874413737493262,9,1,113
273,41,91.33907123453552,179.659361184597,28.29807472031392,99,0.14800405635003122,0.08568587472942246,0.8096423277988296,0.904943213296823,0.49297360392289946,6,6,62
274,20,85.16640415401007,169.05674745625268,29.79910996015484,84,0.19753989376610714,0.059846315550850626,0.3022072827360107,0.6772124291139527,0.5778637242618545,2,5,45
275,44,67.71876934805596,169.22948322730258,23.645962721982553,78,0.44597266060036067,0.15578561895406717,0.5046461916329911,0.25901891727544424,0.3921798826190154,8,3,90
276,28,75.72424014351274,182.96603496649652,22.620071367387396,87,0.3602481588123011,0.13524329595586326,0.7362608014758756,0.8385085908076249,0.31658441102995283,5,6,96
277,59,67.20756466753903,170.6874288780699,23.068273167447714,74,0.5505789181349441,0.45432872638864563,0.25287988720157717,0.8921133349667691,0.38285330553600116,0,4,84
278,20,75.81345139129022,173.20631565027142,25.270790118181992,88,0.8364784184025915,0.4337982777351679,0.28554436074148226,0.49222678003324905,0.36133144837138287,2,4,106
279,38,77.21454775051936,174.10601791320047,25.472499763438357,66,0.10218250735274648,0.5984967410727435,0.16907230969402487,0.14497452072064754,0.4874296985019866,5,3,94
280,54,69.47494723530308,183.58310026875174,20.614026314729333,60,0.47722248071760787,0.5704366902119271,0.6108727235414362,0.9689448200326233,0.16174119463151948,0,6,68
281,62,82.96711848855878,166.4269238931904,29.954276531763387,66,0.04762076084981848,0.59559504031795,0.8252821895545517,0.27379311114879124,0.9175394862588203,4,5,70
282,24,53.74913398476471,163.97726941329054,19.98960308791964,88,0.04807782123741844,0.14977640928588787,0.1640043891105587,0.3792357544563909,0.7473574586765804,0,1,89
283,55,80.03403321386,175.4341432314561,26.00437754285965,85,0.12446060880994103,0.08067386142081667,0.7997301289520093,0.16217087308585842,0.1945745242572069,4,2,106
284,34,71.89229206878741,171.3230574541726,24.493491504533626,91,0.8458116096711787,0.3460813282120109,0.9840799369013994,0.23637193902482856,0.9004788714914044,7,3,101
285,55,77.03113275921953,175.91414234894984,24.89228551431342,85,0.9648820793397025,0.6464559113657224,0.14131404979592044,0.16121821329251806,0.09306714007783212,1,6,33
286,43,58.21596079027239,167.95529172348597,20.637385950604223,79,0.5585830285872317,0.8091995921508134,0.3120705211951691,0.5956690044386951,0.17408251105366568,9,6,69
287,28,40.15837928092046,157.13264924392902,16.26459717852356,76,0.3235692104374269,0.001782016751021409,0.5414683351985826,0.9899125823153188,0.32821730959775286,8,3,86
288,58,59.35322349820751,157.50661485138457,23.924711817993224,73,0.7624107742953485,0.8729706683743895,0.6636423078727786,0.44986750148902166,0.8447982343591085,8,4,96
289,33,77.79403262524609,162.93676551995165,29.302731321983345,97,0.3045715507819634,0.013688410984091681,0.20991999008691997,0.6999887646268611,0.5796903097452348,2,5,88
290,18,54.46378410707181,168.1191026195035,19.26964377358088,76,0.1310209894322878,0.37104495888744804,0.1947782990540089,0.7284153034331577,0.0032418596412127076,4,1,75
291,33,76.35563903897234,170.8185714768782,26.168024936459883,87,0.9282083943293762,0.16822325458257026,0.3748405367135256,0.7290155103364921,0.2609240084776018,2,1,43
292,25,77.57492082670016,171.0217832694397,26.52274561262259,73,0.8135436792839946,0.039783298028444825,0.013836251172974823,0.9674940497015918,0.8285706855726811,6,2,88
293,64,49.30998430409731,174.18561779051802,16.252129638041726,91,0.8402721061132976,0.5544168458653033,0.5023797226959373,0.8614708510618418,0.18734205732634135,9,6,59
294,31,65.41264666165105,173.70720435683901,21.678341819000572,97,0.157421454563074,0.26506002982769084,0.08901015062020712,0.48126700487570495,0.6941473860035723,2,2,43
295,51,71.027717305804,161.80028223915053,27.13121905339486,89,0.4940925279881825,0.8602812365183045,0.627917243196169,0.7745664242016155,0.48509684543129095,0,2,85
296,34,58.361501531686685,167.3559613958882,20.837426596097103,80,0.3096375642939634,0.6991912081060323,0.3060579219477887,0.6028215405871856,0.9767110996421522,2,3,52
297,64,55.561367647952125,156.64567235183165,22.643112542328954,63,0.9538058590223918,0.20408058652464434,0.24258177191249453,0.6659045897269159,0.7021824754866682,4,3,34
298,27,54.42944589469513,176.50363846034648,17.471355003822456,68,0.32076056191495883,0.5592094014310386,0.6819531314673225,0.16035314538048817,0.9641009397724625,1,6,49
299,53,49.34564380248831,169.2802432581806,17.22012384856814,78,0.576869785861528,0.849543796761894,0.21065162422647576,0.3396483468348588,0.08831082199890272,2,2,100
300,42,85.09160600646321,154.37985658170734,35.70306119315121,77,0.8811676940681722,0.8965112620633212,0.3673504001211696,0.5623390508601441,0.26577344404630543,4,4,93
301,25,66.23864984859776,162.40504509570937,25.113800428564435,87,0.04379776410449121,0.8575064636273748,0.9328824379767133,0.7217725998902571,0.1643770110365107,8,1,62
302,18,56.63906225407756,168.22862616684677,20.013187202101992,88,0.5871565138465034,0.19165313471828094,0.41032150615359075,0.3576843505546594,0.05729147960318326,6,2,112
303,53,88.51216053670092,161.15985270251915,34.079186421419344,95,0.8752354231023468,0.9488092614228859,0.7981220238507631,0.04056811389181203,0.9685986108727517,2,6,49
304,49,60.47723550468557,180.44581418305327,18.573694862444317,75,0.717185240298106,0.3541393651221608,0.5460138896526734,0.812185400181229,0.8106963460014557,0,1,100
305,53,63.23150859655385,162.15980434984763,24.04623682654787,95,0.860143500304649,0.6073648217266423,0.94168310582509,0.2621785212940809,0.09630180211077544,7,3,45
306,22,45.07227449172625,172.64738757755708,15.121311227112118,72,0.9006468712392104,0.7705965824125336,0.27930986863260276,0.47215170038963217,0.7221997326522426,5,3,74
307,64,69.1663035450541,166.71829276454574,24.884450643562662,65,0.8603830798416068,0.8035044982271469,0.7465108599826601,0.023128386675719925,0.02699029143169318,3,4,114
308,28,72.10743861159214,178.18839372599348,22.710214859554508,77,0.021470406518858898,0.9485202143018279,0.34039746630244794,0.43410747272797534,0.8012532662971917,6,6,84
309,18,72.55077986562236,189.8363021505592,20.131843883992794,92,0.3583943972217343,0.9333657948696236,0.7837013517483892,0.010447354487892913,0.45029046621847624,6,5,92
310,37,81.64350678755515,158.98134614891094,32.30199239034598,61,0.30073256395315373,0.88699329703788,0.460883128691712,0.2254151537382285,0.321438589165044,4,4,62
311,29,81.65545877982589,170.88396399409228,27.9629253721457,68,0.8344984319735175,0.18744475363635515,0.004768377764269971,0.3011878083654256,0.9204871188372717,4,6,75
312,51,59.002426914092126,153.73931930079323,24.963183427901154,73,0.3725722714438654,0.9625400957607725,0.12242659573336778,0.932485184258682,0.7622960467519511,8,4,41
313,41,69.19104781988074,170.86843384051502,23.69879313382854,64,0.19815949993946502,0.24375179333158525,0.817352116565939,0.7685456376763616,0.4271068084560682,7,4,94
314,24,77.56515362744491,174.0431434332899,25.606653207232664,74,0.1131233705088387,0.7545466596735387,0.044549429654434536,0.9983431874043555,0.8014050513735947,8,4,43
315,50,70.99912625467044,173.38798252308467,23.61647185819549,77,0.46267310507961357,0.19970392819903238,0.3680839022202911,0.5414662556089532,0.6329171122765795,8,1,91
316,62,64.35923768767671,171.31109909470194,21.930063465630095,66,0.236564211113225,0.2137071880691377,0.7622328074825822,0.48637379410523596,0.992177506697882,8,6,114
317,26,95.9837968802065,162.15366330458718,36.50433123639151,94,0.4288980925565181,0.7129966963549856,0.5661600170334582,0.11990356732862284,0.7179512067070324,9,6,104
318,41,39.72577197468675,164.94659278102114,14.601102424620127,81,0.1047744042491886,0.15802298629127975,0.08680861614365021,0.19244701360336192,0.8524443864977456,3,3,65
319,23,41.586112795404006,159.53776927570703,16.33884288672061,60,0.7274397075582869,0.6475524325933526,0.5630238367151661,0.17164081662818076,0.7945310119658656,8,5,90
320,53,54.80683672675155,155.48702044828934,22.66973554958597,60,0.3405875997076052,0.6963676936065396,0.2402622011512725,0.3253264534739049,0.7762115084700661,9,3,76
321,36,80.6421133475732,191.8003023189984,21.921149596639605,79,0.8374008594608218,0.09677041750629767,0.0791596483067839,0.9374877862437178,0.873428753728782,9,2,116
322,33,85.18390765098003,162.5497678319231,32.23924417668744,84,0.3078479320806945,0.09946787609389407,0.8241486696206854,0.6658070345090323,0.6140006512807219,5,3,103
323,26,75.03291142789449,171.5041914545849,25.509522038732843,92,0.1911514768901753,0.250180007174864,0.7836425237658834,0.6481414711893314,0.01734274680649217,6,5,111
324,41,74.81499199277337,160.97928028586915,28.870125447856047,66,0.24035191041954007,0.3367213424605472,0.4088315803843413,0.11619479623427964,0.963093605444955,3,6,80
325,51,96.24689413853915,167.0199402103686,34.502461193699936,88,0.47262445672861686,0.6434524396033113,0.26729231819944177,0.8299094629749132,0.6010268458141789,5,5,105
326,53,63.662188076302016,167.42369192787828,22.71160008143808,92,0.2008242765381808,0.5033222993038652,0.018992988509918707,0.9639676020084441,0.5189638264095712,5,6,65
327,60,84.67194892612449,159.38457406903916,33.330895640967746,91,0.10475426885963135,0.05690645260383198,0.728557743534167,0.655271247322768,0.008199140586074072,3,6,107
328,50,87.55038580812516,178.82103207711472,27.379207299665207,73,0.8674230618017811,0.302596427300986,0.6859723899252312,0.4382812327828012,0.0961552543014883,1,1,41
329,60,75.2593194346972,167.05010334359474,26.969120851957992,91,0.0710879006301196,0.3424065656010231,0.4790215054529672,0.945224721580388,0.8982288010160042,0,4,116
330,48,71.210798356508,179.09188495330966,22.202099254289923,86,0.30886414566898734,0.627183234547841,0.505191555071379,0.19586895905880652,0.14472724884257937,5,2,65
331,18,74.13073171674515,169.32120512223023,25.85684816513245,78,0.8447227254645489,0.4555504979932111,0.18428484087160557,0.6229888481640973,0.5131406446592748,6,2,99
332,40,51.29542745016768,150.62506047918652,22.609147366581745,60,0.08788788196507191,0.5668726793505451,0.2161220195699175,0.6265352105571295,0.9293998221452582,7,1,46
333,40,58.03710607046045,162.55815366459882,21.962826615007774,81,0.5538047735443506,0.3318172257045928,0.825642993377006,0.47585919813687805,0.30583354683976727,5,4,64
334,47,84.5941003641872,175.93084236669122,27.33103711480581,80,0.8646136050857949,0.16111668650088362,0.8024179461682165,0.48011424854711515,0.06814796129932954,2,2,51
335,28,60.77182922456612,145.51482765941518,28.700390788312745,66,0.7921492779395651,0.2150116790459683,0.7225445384198995,0.42630854540007623,0.3286974437041885,0,1,109
336,20,70.93861243981974,162.04830432095653,27.01429932071543,89,0.7315013568444494,0.3426548553177532,0.12236523402169797,0.5935997813267829,0.1796481751174227,1,6,57
337,43,59.306331104581346,187.24322240499293,16.91565600046104,69,0.7216906308627922,0.024078125772534098,0.9426032951453006,0.7260067316343871,0.8730584188832956,0,1,95
338,64,54.88135295074153,175.6201310591418,17.794107721034674,72,0.8667769814681344,0.04866731114905576,0.7758211984859751,0.034953369875483475,0.6547179840996816,8,2,113
339,50,66.80177144692269,178.22076356797137,21.031554762122333,77,0.3245999991272911,0.9957326721950958,0.9524104481773523,0.228618345971475,0.8372020270371454,7,3,58
340,50,79.194285522745,152.87370677317546,33.88662001009298,99,0.5278719205461331,0.6715157252329823,0.7417886351237006,0.17038321256296285,0.5358879925710621,7,4,83
341,18,43.64766284140242,172.7482554646454,14.626272263464777,69,0.8999425369158052,0.33810282491959054,0.610334602657793,0.12193298741989589,0.6300171925284672,8,1,49
342,47,64.63287623692631,174.55120516785684,21.21327781119243,81,0.8257390129986055,0.5302245759297051,0.8423693257581816,0.8252105694455886,0.38962700559101093,2,2,34
343,57,83.27955824806946,173.11899431123052,27.78746775759305,89,0.5921911832712979,0.0157005325394185,0.5919764790316657,0.8337051873386557,0.7414539851063399,0,2,81
344,22,65.3795445590052,173.24902866047617,21.78212641396156,92,0.8051663899562637,0.6624868006119337,0.17326495367589456,0.2196337996488893,0.8676942857212915,3,5,102
345,19,75.5723881498083,159.41332807120122,29.73814599436252,82,0.07481432464823179,0.590799840377505,0.9794066578664922,0.26724711204059237,0.39184071436287926,9,1,85
346,56,101.18764997192557,173.20031932092732,33.73107117712988,81,0.6173737056966847,0.8126261418839864,0.22140911337068736,0.8584339513047574,0.983595533149295,1,1,79
347,64,59.398317821254565,190.7299897680594,16.328119675607983,68,0.8779405098804326,0.8240772244494228,0.7749598946732359,0.057290038549901334,0.5567194419749216,0,3,100
348,24,47.74762669947998,170.041749990825,16.513558072848394,77,0.5914170236385018,0.005397599132814679,0.3264202703000597,0.649064242840353,0.025872855486884117,0,4,106
349,55,66.4795846851562,165.18955978005965,24.36257033927248,65,0.1980409965550174,0.547190552672642,0.473688733136844,0.22392280219685912,0.5836564612221091,8,2,101
350,51,83.6733023960472,173.6887012388636,27.735996540642144,77,0.6693901661637897,0.8102809438971414,0.7914884286505683,0.5484033033134915,0.3074006931782586,2,6,55
351,24,92.63139507896054,185.23086646131273,26.997993491991707,95,0.16178653409789534,0.37586470916256465,0.3189004738904365,0.055952999277302906,0.45387066788587904,4,4,48
352,32,88.39345379925808,173.68682391105153,29.301264056782323,99,0.08172714919085056,0.7320157554918997,0.682723344423835,0.795202546745456,0.5728920649557065,9,4,91
353,46,83.44250790623902,153.662039823472,35.33899223047881,62,0.09067076824664133,0.3247858577376286,0.6691931285020627,0.60293211047753,0.11951561836705538,5,1,113
354,60,74.19893244817222,173.18344383540207,24.739157968683145,87,0.46383253126978974,0.274889987919257,0.7474439936640761,0.1879098553132461,0.1522379385630518,9,2,55
355,55,47.34700534032788,203.06574349110562,11.482043405818963,87,0.10777613604762737,0.33378340489470293,0.5162306440186114,0.7008722190433495,0.4992703565129284,9,5,85
356,25,63.66251924761848,169.33884774046797,22.200902006407347,62,0.3220544273636916,0.9851546831184075,0.8573542571210433,0.23645571315893898,0.3759624313127088,5,1,65
357,28,97.08461514375482,157.97598649906058,38.901671416722934,70,0.6468537188265623,0.8604104720561632,0.7265629659980624,0.986367585635185,0.24498961979555156,4,5,102
358,26,80.57621652241704,170.6402419790683,27.672216990355988,91,0.8103240037012289,0.3473207213248848,0.16237434574697007,0.5333501656151496,0.5281688804377761,5,4,77
359,20,104.72755951008918,208.01660214967114,24.202765166676066,83,0.689507610728635,0.0008126104838837023,0.8005084061527835,0.8881266647596443,0.9822770146703464,3,6,119
360,23,71.61278547498145,162.16500736013523,27.23179532771689,93,0.046751689248554995,0.06932612529770565,0.5931626190211768,0.9652063353087116,0.47052332804932495,3,2,115
361,22,73.62550486087478,184.26277287719887,21.684683168308553,91,0.5006995337456683,0.7742942268610461,0.4771172799791279,0.12913462737681003,0.03342435931055443,5,4,82
362,27,65.86585099871382,161.20631029399695,25.345229700154743,89,0.5831685561060438,0.32962118079581504,0.38077479001237935,0.8934213907063167,0.6489846404449605,6,2,47
363,51,65.70522578784961,173.68888707585666,21.779898285914317,67,0.24811224848006264,0.5083733142598797,0.9297742638910044,0.6791499961674852,0.6605191053207405,2,3,42
364,36,62.207993911285634,151.34029241371502,27.16045611229481,98,0.6077048132604675,0.3422413082046126,0.30379159085703733,0.21450668516253235,0.07848643674025946,8,2,61
365,43,78.96789816805403,162.18515341038142,30.021223447726207,81,0.7801563368299022,0.5863273825544048,0.6876424839678832,0.4705678987656595,0.2769161608365044,0,1,88
366,22,85.78230215258006,167.8999946088979,30.42960626019601,78,0.6928137627201797,0.05122840398223982,0.8906051765785046,0.8415615453566596,0.08579703513243586,1,6,62
367,57,63.174561891342265,161.42440968684704,24.243974860428363,72,0.9028015595875049,0.7979031099484839,0.9346076282036271,0.8366518248871061,0.041810601153301374,0,5,107
368,32,82.27591795087591,176.8559443138747,26.3047036530877,66,0.03745514572048103,0.8180686651349943,0.7870413079949415,0.19455650782736178,0.2640020062929187,8,5,39
369,51,74.96638632232597,161.63894395628571,28.692908134860247,66,0.36428708904637186,0.48328968944922235,0.9138873711215301,0.772565426141367,0.17496039283858045,0,2,32
370,50,67.59570669357058,160.7959236788073,26.143819908872537,68,0.47135806456539975,0.6160389318256394,0.9308734685908501,0.9234967873426324,0.6222680517724287,3,6,73
371,50,87.72483561236513,186.2685453692943,25.283868155052797,63,0.7740529258445351,0.17557747925462064,0.15256114270196153,0.9050458686392603,0.6946466513738965,5,3,99
372,19,61.092071269259684,198.81460713163963,15.45568546929739,69,0.725246529213617,0.8879792324838656,0.8520970354646211,0.7725930137478035,0.3209307346620981,4,4,95
373,27,82.32600338999984,180.38028350341574,25.30223600434217,98,0.30245659798031066,0.2369650183111639,0.8526226082130755,0.9093536915859838,0.34705050939238014,1,1,39
374,54,81.144264649125,166.46633111284655,29.282288367065416,68,0.8764176978914925,0.01537490624975646,0.855735262079755,0.5721143441720545,0.4140153847751511,4,6,107
375,41,97.02173812930232,170.10257816959412,33.53105812861244,69,0.8992577126953837,0.2323422036036078,0.09570169580913968,0.6786381186954319,0.7022117122057644,0,3,105
376,19,47.403052510424224,178.64121331377606,14.853985285559624,90,0.5485991053254992,0.9890597040360745,0.7685863488200171,0.28525646201792276,0.5015358045552706,4,6,52
377,60,64.00646709514899,175.35510569739102,20.815508542938744,67,0.11587016526054772,0.7080479638455524,0.2799719892417042,0.5652422453590413,0.6236930402621592,7,1,67
378,57,82.02553288775405,170.6426721176866,28.169152059443945,60,0.026196989491965694,0.5624298763008173,0.3730949723873156,0.5640670602222115,0.898365412902783,3,5,36
379,59,39.38431819988645,162.15886699454174,14.977589693407243,73,0.3378329106698976,0.46264651055962525,0.34651960517426783,0.30058439450895325,0.8612351747818215,3,4,76
380,47,83.95170550359519,168.18915212604531,29.677926912019853,90,0.7359012753843811,0.21337102138254227,0.8052882554318365,0.97916100621838,0.44123871645315926,1,2,69
381,58,71.76212481981955,153.14271949532449,30.598672077625114,85,0.3308072903501006,0.450324165259097,0.7137202135995308,0.5666485461103287,0.04180088963520168,8,2,46
382,20,71.85939440307492,174.1430683392395,23.695788685744663,65,0.7302832272942161,0.003570919375918691,0.10561688031983618,0.536201862661894,0.6011934901263571,3,6,110
383,47,76.83668912986589,169.86076506463297,26.630694423944025,70,0.1003373341156848,0.8190517657862706,0.9654538957507879,0.3463276500858449,0.5546435845852176,5,4,97
384,31,66.5930766033849,172.22621915362728,22.450734002026323,94,0.761165216825307,0.9387723100700615,0.2568900289240015,0.5286460183295603,0.8198829188899183,8,2,108
385,53,76.2363609015586,173.80970544736758,25.235627613991362,62,0.5772189477387157,0.2667518168352587,0.6633352759187632,0.1074300244508728,0.9536760666147878,3,5,33
386,63,75.30932567761202,169.96477982517004,26.06939106338381,70,0.0659546597000894,0.5537141575902743,0.8544654418738471,0.14097241256290083,0.32535218674087174,6,5,61
387,61,38.37468662288761,167.738272858879,13.638936521434566,88,0.14424832324587533,0.1988127961986741,0.07924659002326262,0.4676570677191002,0.8454039345087339,9,3,69
388,63,83.61487937420148,166.6593705163663,30.103992236044668,98,0.8602235868507044,0.2626871208991739,0.44252677839208865,0.3178896678079447,0.769293741396721,1,3,61
389,37,67.56086428419314,178.56040721836052,21.189702597774758,77,0.061727978911657044,0.31454736366780933,0.3808840604283622,0.003866484241020429,0.8426829031324989,6,3,119
390,59,85.40200868276452,170.02075021919367,29.543655412328246,99,0.3145519992520861,0.30335610441348615,0.13020496221070255,0.5454002163552302,0.08167126508348677,3,3,62
391,39,53.09194369927148,174.9558582588639,17.344893878588497,78,0.18953043009076098,0.93054657416206,0.5932866446040553,0.12024160222586466,0.5021501704999409,9,2,44
392,31,89.90921437545852,153.94524241093274,37.93775776220092,91,0.11338257123155238,0.8669166269037822,0.5024317633850213,0.9475721682300842,0.5373211719029536,9,3,117
393,44,87.50574149455642,187.11146727562675,24.99399855763334,91,0.63072861308266,0.3393328816628489,0.9078244404722918,0.2226631208453529,0.24374298559609686,5,1,114
394,26,72.38377587954767,189.86284129404982,20.079887838958108,75,0.18440104009534442,0.585645135679011,0.4102386749667679,0.7430228925332476,0.9067745514875638,9,2,56
395,26,62.96684649911353,171.18365032331553,21.487573609819634,82,0.05305735777114362,0.6181317230483888,0.03845451095453567,0.6033055531097178,0.2591194251663711,7,3,86
396,46,92.29819958913372,166.75862143927463,33.19071721043951,81,0.020590478572020676,0.9020683467996327,0.10087626516546855,0.025476003589438023,0.8370793699974406,0,6,97
397,38,55.467543001546176,166.81346482555463,19.933186156264345,78,0.6878828659239009,0.5026752474435031,0.043445229423661136,0.42802772907525244,0.4991818345516955,9,4,117
398,59,55.22796505064274,170.21391799308182,19.062019279663243,93,0.5034686093793187,0.9205473826612222,0.02944028336602822,0.013741593071443292,0.5877480868627315,7,4,51
399,20,73.35595274581306,178.8057225827084,22.94417962401175,61,0.1559204841607894,0.6114227359945645,0.328665994778778,0.025705232049547777,0.6360184962179287,9,6,72
400,24,61.53146055641227,174.1396485749513,20.290927380487506,90,0.7806140269982933,0.674287121348199,0.04974564269247417,0.7196536417822244,0.5747519991378921,4,6,52
401,28,76.31548566222799,179.05427440334805,23.80363522499564,79,0.3260411094752952,0.5107830381944564,0.02369407638066834,0.7291389103622584,0.213771285424862,7,3,113
402,26,62.58706300101866,174.5272753930842,20.54745104661911,64,0.7470142390789055,0.11082352550507202,0.8111668645315095,0.9890788480821896,0.4036830449113752,5,6,74
403,32,61.16351383964022,161.2816741078214,23.513776294717136,96,0.4683316669173232,0.27994517865066093,0.04063403997170012,0.6772030452593735,0.14259143461115809,9,5,105
404,25,68.84175097539591,178.31855001806605,21.650047816020003,92,0.07586408903911757,0.8128566756495649,0.09151053229102335,0.9152162057446258,0.7178361007759672,1,4,49
405,40,61.54877965190406,190.89587311389016,16.88987234179427,73,0.7041515108727725,0.8068743135696138,0.2220930223168458,0.5727805812768629,0.32404271547176233,9,4,97
406,24,80.67894068976842,184.30488419303933,23.751251502026836,70,0.061877768458453164,0.9483768496816916,0.4064449124008854,0.1700970121859906,0.9219801187179109,9,4,70
407,50,97.97748042969121,184.40852935405425,28.81139311938793,73,0.5109783226304947,0.6236019358300469,0.6467947601903602,0.9598327789242352,0.20269289434656723,6,6,113
408,42,64.02907778551504,170.2840844463959,22.081528353302062,70,0.8534523470310466,0.6148152219392081,0.06398226218648662,0.6412538606417006,0.8921982110925353,9,2,46
409,34,92.5703525768734,174.24791868340236,30.488546409420085,65,0.35546852734595125,0.2018161374633567,0.4571760830790651,0.4098433616918413,0.0841018432522711,4,1,111
410,33,89.19695718414658,172.90021950985758,29.837260778778763,98,0.43735139078251306,0.8836410845930377,0.5778540051170096,0.40533548163208066,0.3460720743301008,9,1,117
411,33,63.00661371862219,177.4602178811391,20.00709887153989,84,0.12914135191368392,0.6893092537821236,0.7810436077246344,0.3236119729431979,0.4092966507907204,9,4,113
412,36,41.77774302202988,174.24902672349873,13.759550679911305,67,0.20732605487493228,0.2713166761604797,0.5379572403216943,0.30031827530016686,0.7088110890758457,8,2,54
413,56,79.83394554256407,169.07498651515695,27.9272948690639,95,0.4261294201663096,0.9242743346141207,0.46259277420988687,0.8176227191769204,0.11197980678486319,4,3,40
414,60,74.9874899848134,170.17580888584396,25.893643820057026,67,0.034342496823584256,0.8162712413099044,0.6752267527774698,0.7429368971397003,0.12865259444005683,6,1,58
415,34,62.928645307521926,179.48873044262308,19.533227630519523,72,0.34838638534422983,0.5878164141171678,0.4046758169978758,0.32950361604644496,0.26597330504456207,1,5,58
416,29,69.16120939673674,158.62709661744583,27.4857649588158,87,0.709738292044724,0.2402701547254168,0.26691143025534503,0.07811172675942502,0.11354148405707132,7,5,101
417,37,78.7275560192782,172.984366763627,26.309528037195857,64,0.5935778950673907,0.9389162677850174,0.8549565662896452,0.02767682671440519,0.7961934049693857,4,4,117
418,32,55.346400964617914,163.4778677010927,20.70958786521098,90,0.5286314711994123,0.6421052190536091,0.11208119285020302,0.27528778539056553,0.5377509775277578,4,6,67
419,52,69.58452311749596,157.5739306154771,28.024890111375505,67,0.5133073399059025,0.1385143090566613,0.19664682452455484,0.915896904725474,0.8725525901719886,7,3,38
420,32,81.37057077132636,156.5680745691156,33.194103270957164,76,0.7012145666228212,0.19307857376341664,0.3249555433254241,0.28393643551046754,0.15236919790259218,9,6,32
421,50,71.36358649255263,171.76351041082162,24.188829498840025,61,0.9093504647240694,0.602680766313723,0.38507975252983184,0.7908472530051954,0.06614570898912708,6,1,106
422,34,74.80488409871167,166.41041204058502,27.01276015463235,65,0.8371113988941102,0.22614330328390697,0.5378935759654132,0.5588691244923212,0.8123286256557702,5,4,94
423,51,55.94260232517713,166.25162812841697,20.24001596330761,99,0.14593729391312482,0.27560864012991926,0.7989540175588655,0.2551083285673835,0.6094292917812019,0,6,47
424,26,96.34717964545332,165.85212337642875,35.026515410559185,81,0.8739002522646546,0.673158146918348,0.06418438235411827,0.6701976378921904,0.19837923659104706,5,5,106
425,46,79.3451529394111,156.24698050054525,32.50103078345789,70,0.6178538078402518,0.794176068824802,0.8428904423826141,0.23982989400157373,0.19059896177676527,5,4,85
426,57,65.41164596427092,174.5217860184127,21.47611791835686,96,0.9925855204972936,0.4543520763573199,0.7474735784826665,0.16120827226217105,0.4220064644911017,6,2,77
427,29,54.564998611643674,158.1602497707818,21.813204161514694,77,0.856179176233806,0.26939083034449174,0.6159316145282703,0.8457705568383859,0.8071506269519579,8,4,39
428,45,61.646162711643484,161.92470154537307,23.511472951738384,84,0.27900428712972536,0.48084949441491787,0.7842866135976853,0.5909982040843584,0.7132399497129472,8,2,52
429,47,79.86523144580178,165.64965970540308,29.105606832858886,81,0.8422404713067219,0.600809837293495,0.6383224776865615,0.2759309123026892,0.9901245445396686,8,5,71
430,52,67.98921367607677,175.2837697552854,22.12873605658091,64,0.6556921456790803,0.0388006149131479,0.8671605076394512,0.07765712692326643,0.2877463221161809,0,5,86
431,53,105.52543260728478,167.60920923294796,37.56309658942988,86,0.09244555748474748,0.3003750076482451,0.5385158978302585,0.2793530747784173,0.39177811190874134,1,6,114
432,34,60.438411948543475,177.46813832848935,19.189879934633765,90,0.9845492343178498,0.6575832364081544,0.8668208805965696,0.6607009575771983,0.776873739863259,5,4,60
433,41,98.6058376362666,177.3248529700739,31.35908698948696,66,0.3338449763554969,0.7511297281811021,0.5895884663605544,0.1624788788148186,0.31204206163303816,5,5,61
434,26,66.00573088918296,176.08573477790767,21.287923289122535,63,0.14917203674839896,0.21234628384122234,0.19878871220882366,0.23380429947795978,0.3836725209843863,8,6,70
435,37,80.25086696229428,171.09148026383613,27.415297641394975,60,0.4553553572578115,0.1688089915968951,0.9110913754677166,0.16837611118796925,0.6105565355291481,0,3,63
436,52,65.9781434778331,168.72021903740728,23.177459449413835,62,0.8445044303175884,0.3212627366825419,0.6520685017691679,0.4721312932373858,0.05101303307194649,3,3,78
437,56,76.05128537684263,157.77637384695143,30.550802147275764,76,0.31616445726221376,0.37079440882134285,0.9187144294578184,0.40452514359347935,0.7413994912071714,1,1,79
438,49,67.32069101949314,196.00671870417403,17.52292687187782,77,0.18520831213160927,0.24418344520007995,0.37140953080009,0.4870522026507763,0.8842059196843302,1,6,110
439,35,76.77333407610551,156.67812608343155,31.274736846535408,64,0.6794331792000349,0.9365537663271488,0.7892133939120307,0.8865067749441711,0.16166922605269085,2,1,99
440,24,69.88295895746734,190.70196847574232,19.215909004263565,62,0.7929998827283793,0.4623078664477247,0.0795178443380824,0.8043686936517274,0.03525465093239,1,6,90
441,30,76.0096055021429,174.09982355948966,25.076782694113334,77,0.9958127294832733,0.6571857904622997,0.4209270640798972,0.8880238522670358,0.5823512729892273,8,2,118
442,38,63.413609547848345,183.988460419521,18.732739921823207,85,0.31299077777679774,0.8841752408568262,0.1407649163672936,0.36527351480394266,0.6362741910278085,7,6,70
443,51,67.46981731087727,171.03512369992717,23.06422797118419,79,0.34922310175151705,0.29141402434673935,0.6394010219079078,0.3676734745044764,0.1616179757402767,5,3,79
444,50,72.01735565010699,171.6464822617862,24.443723138000777,64,0.23869487548802126,0.7709209354313307,0.18389542573546758,0.4114165688648619,0.009963519585645564,9,5,79
445,59,65.60931856086786,173.6196071070105,21.765466952182976,80,0.8381919245159608,0.022479371466606612,0.13673265977287474,0.6290302773067727,0.3507985280090634,3,5,67
446,29,58.37836279606924,175.07502882600625,19.04598763795041,85,0.8469892905868056,0.5088380966332691,0.533289888653026,0.5464648566830297,0.5651391152090528,6,4,36
447,46,76.60341327210956,181.56932380119338,23.23609636199229,97,0.021277337360341098,0.5695691341122411,0.4384167268033342,0.36130004377240055,0.9923815864613245,4,3,105
448,45,71.10732704135316,160.9083383970568,27.46358660622816,63,0.3508833225641529,0.6270878998106969,0.5994054687203575,0.7395375595631365,0.7100103704473395,6,5,81
449,32,57.83597942516799,154.9691965721786,24.08281955266409,96,0.12129977222287758,0.029564740126206024,0.2157244497097106,0.5206856333138149,0.007682918194944266,8,3,53
450,51,83.26766403356854,168.73412697957198,29.24627259600952,75,0.2897267369160198,0.4520748391777776,0.46870680097121076,0.8490450059882779,0.9682713093675939,1,2,108
451,58,88.77990068677056,167.45942457986916,31.65887409774922,91,0.19456826181614306,0.22100050665950122,0.2354276183604621,0.1528502048557333,0.692917552350085,8,4,116
452,19,86.95745193679099,164.86194463076217,31.993810553072652,69,0.29762417966413823,0.06859959090399603,0.3525275316392329,0.23219604629767487,0.7629273380216685,3,6,111
453,24,78.08959761706272,181.80124161857302,23.626505689009974,60,0.028646717135523803,0.803117091349351,0.07636090809269447,0.34824981346626993,0.5405931650407467,4,5,82
454,48,101.68029435430111,175.01249396289433,33.19698846306186,72,0.9170329285861194,0.818270058937308,0.7268545375998936,0.020026535601263773,0.9016128408088897,1,4,46
455,57,83.88225112846584,158.97000621124909,33.192479416019765,67,0.6132855786014619,0.4861620967576452,0.20849832048797057,0.568548055856618,0.6366247482083411,9,3,106
456,26,69.62768183089692,179.0328021588876,21.722845722754602,96,0.9110253128309069,0.5980873174524421,0.250158722202139,0.07144887799209143,0.5361814185121025,4,1,88
457,59,69.54141333445062,187.7955908420738,19.718448020490193,94,0.0028069518679584293,0.10566902670721967,0.4645414841280594,0.9102961782048615,0.17625534223372907,0,6,80
458,21,78.42313442709144,172.03867361930472,26.496714427998214,94,0.3917146575735714,0.5416422915626176,0.14524213873473746,0.26512523712120484,0.3066818621698084,9,4,101
459,53,80.31466979407126,169.4968166166879,27.955791078149403,92,0.8546498313787537,0.41823208636807807,0.4757729089470616,0.28920851215486254,0.8088341233160536,0,6,113
460,43,73.45725899832789,184.154887293007,21.660487197276378,63,0.14906388663406878,0.3094221561505871,0.6170846547347462,0.33259708979154134,0.6180628218327442,6,2,86
461,21,93.57194576964584,174.36187095341694,30.778157626025582,73,0.7535250348263978,0.49350655177583624,0.35653452504058447,0.7703758863024983,0.38012992866605444,6,2,41
462,56,88.19511523632667,197.80739578273472,22.540289069338773,80,0.3931456473978283,0.9071696471136872,0.42624372652079234,0.9134797250165148,0.3157473040065564,2,5,118
463,62,53.607565590359,156.99507714667584,21.749737336088852,96,0.30793625267536595,0.046258477566618716,0.4300270707520374,0.22579991189048032,0.7036476082919896,5,2,39
464,31,101.9282057680252,152.77936426361245,43.66816899683548,96,0.4116381155213713,0.8727972826233017,0.41933221371076257,0.6668469792818108,0.4896283216335541,7,6,46
465,60,60.60112715876666,176.07619139586276,19.54696928870721,81,0.04613701973475881,0.016370154899359557,0.5617502294358646,0.21120621979509668,0.6219125897882664,1,1,47
466,39,89.59717112028179,178.1786283005699,28.221693786256697,89,0.29964630421758,0.35567423120074626,0.805165180779569,0.05978443594780192,0.3545326700657575,4,5,79
467,34,68.39212532009138,185.1027750456339,19.960905585278624,75,0.5293031836880285,0.9336831199104976,0.5666795218523624,0.2552294365983877,0.6845980694951824,3,2,84
468,53,58.84097001619485,172.33371161897645,19.81250276894245,71,0.6791823327035098,0.8445445475971349,0.5928977624010155,0.5229846652790235,0.10960901226998943,0,4,36
469,32,94.39077547753845,168.8787818201969,33.096294997201,62,0.8782820661333479,0.8767623491068273,0.8136417512625244,0.8843568107392732,0.3952596927073313,4,2,66
470,47,50.764257494020754,172.93675946486255,16.973969003063203,94,0.05729211266014056,0.9819089243757794,0.8013249504508313,0.12352974547996298,0.3339371459535576,8,3,105
471,58,98.59898024059177,160.72174925773092,38.17008457431914,64,0.6908643553063571,0.814110936008339,0.4465832704230924,0.6983058710219867,0.03515206629376921,2,2,104
472,30,84.30916126346763,167.95277434209314,29.88824430585255,74,0.45238331597374415,0.6952823892980894,0.8631125073682584,0.22121284692101295,0.49263343997940223,0,5,49
473,20,69.02736879991197,178.75814093709457,21.601786048902312,77,0.0037521911956741594,0.4802257485219681,0.973405439114801,0.802471735920991,0.04128915388185461,9,2,48
474,25,65.4635026450386,169.9679112156501,22.660284811585065,79,0.781355546149855,0.017481481028390422,0.21815318491716407,0.5984015132815074,0.410574586643235,2,6,99
475,30,59.623931971834054,157.21923731352297,24.121773902885035,90,0.4780209383523427,0.8199588856919591,0.6328016591957017,0.6204254499511342,0.638817701207684,0,6,84
476,22,72.76853977043261,187.54476811872524,20.68872627150375,94,0.9564482879982086,0.7103517500664637,0.2633860854515476,0.20745932211108542,0.8782567370187849,4,2,54
477,26,74.59765286130248,164.89290220146472,27.436028118767847,87,0.5317633979608356,0.6166850507222532,0.828857707470655,0.33625498906292617,0.9651443021029618,1,2,69
478,38,42.235471664651435,169.67389668658552,14.670579893772937,86,0.9064677298230023,0.24778175672116975,0.5075564988529657,0.7561116530041684,0.2240343969920071,2,6,76
479,48,73.7804648288519,173.46979019895082,24.518487765510763,65,0.7635672071300156,0.09383820869736037,0.7710417010989729,0.7241682978877485,0.5137339319876101,5,3,52
480,58,86.1205578695526,162.95658860921023,32.43119754460525,88,0.7476288452455946,0.9003383427056294,0.596143336808424,0.16392806682708638,0.9510694250493024,4,4,44
481,54,60.145673866749526,185.86148217608823,17.41107565851696,96,0.8111164413883262,0.8000531579575635,0.8269195770605622,0.40813047133510694,0.08220855451881481,1,3,117
482,60,68.10818152870388,182.8268356143742,20.376021952814167,81,0.8084636732940402,0.02574421374986946,0.38776814202180654,0.4441674377121183,0.5061066941653564,6,4,42
483,23,83.03831833224949,163.07966646773232,31.223308225199,85,0.01257585087361901,0.1427988669081106,0.9253006741749734,0.470399929220913,0.0507976399034783,9,3,90
484,53,68.72522939621346,168.46514581988404,24.21564680891283,64,0.8869030296057585,0.4925060893830898,0.10473779394108029,0.11355310707342303,0.41680330673072363,4,3,44
485,23,72.268546564899,149.28476412589376,32.42786437110959,89,0.8890339851770963,0.5850541289103603,0.7510539951321412,0.8956504285556203,0.9161091033124306,5,5,93
486,26,82.1343275758864,174.06538500017405,27.10814974129533,63,0.38523044669218276,0.0016636236770103396,0.6816779778478236,0.05801545716674017,0.7354714682019439,4,1,46
487,51,66.71566088080075,180.3765156370809,20.505379239163528,97,0.8200681619991976,0.81859875978355,0.32781128865025355,0.08856345064542825,0.1487246305898312,4,4,65
488,52,66.092305581525,163.06691105375188,24.855311661521466,95,0.377177220785086,0.9493995951382622,0.5025803671238498,0.8615520569215116,0.4416718830591919,8,3,49
489,23,63.251203326823784,176.54393420890887,20.293791371007803,86,0.46346120731499174,0.35403152707888763,0.06012378547578667,0.3556635438913529,0.808767277378468,6,3,75
490,56,81.03047342984664,162.95251488217542,30.51590410683724,83,0.40773168314327146,0.23233768146807765,0.7916177877945543,0.7860856998841623,0.7064708347768158,8,6,32
491,27,94.1817487974188,190.49012327646653,25.955047295269473,81,0.390916248130311,0.8611660005168904,0.3565085103885969,0.5382582499869688,0.9217565393954021,0,6,104
492,21,68.60143448888476,183.0477318625226,20.474084589454534,82,0.7602715138660864,0.23639263858546977,0.26689554036697594,0.9871475949738474,0.0742949833010873,4,2,65
493,59,74.07222283645574,174.0201188499197,24.46000017184243,65,0.9065309185714046,0.9407964010550062,0.16776558081439097,0.09338643816287384,0.29935680334672377,1,3,85
494,21,63.38062648945559,166.45023717033033,22.876400493722404,67,0.8667886831459083,0.8899931237304647,0.9452804710382324,0.24840663888864378,0.45349365260428554,1,2,78
495,48,87.63365855676399,148.98084690537883,39.482992887269475,77,0.8520230521498826,0.45159296307332175,0.37559286160656025,0.05040509231333379,0.7920765760385999,1,2,101
496,54,70.17129830708511,179.6531729993795,21.741511213928355,80,0.5180754153362178,0.9627755943611971,0.15965719155772728,0.8518721692719903,0.018783430095640652,6,2,72
497,51,56.871966645544525,172.45036788416098,19.123615191412853,73,0.3084293511259599,0.7102559961626552,0.5174951422190434,0.36693832278617444,0.04577208684934608,2,3,106
498,59,74.0122579458785,167.88379683038823,26.259477993540344,87,0.27146543026999426,0.5974995756611501,0.6542966336978888,0.7255912918109767,0.2957260786883503,4,2,73
499,43,92.4317097716391,169.2659268904372,32.261302626093354,79,0.16427606102137216,0.2651480854773627,0.8542891560259519,0.397965350321118,0.33965399015648245,2,5,96
